	WT	D614G	Mink-RBD-down	Mink-RBD-up	Alpha-RBD-down	Alpha_RBD-up	Beta	N501Y	Epsilon	Gamma	Omicron	Delta
WT	1	0.837853	0.87873	0.838702	0.849146	0.880224	0.87734	0.846946	0.918875	0.93323	0.892846	0.939482
D614G	0.859323	0.999894	0.827412	0.825701	0.801004	0.807774	0.785463	0.816798	0.866706	0.821191	0.813455	0.83087
Mink-RBD-down	0.843189	0.824745	0.999934	0.825379	0.866341	0.864665	0.897618	0.821593	0.837253	0.858661	0.798788	0.838787
Mink-RBD-up	0.852118	0.817025	0.825266	1	0.883701	0.868737	0.820427	0.806925	0.875477	0.840496	0.728557	0.834264
Alpha-RBD-down	0.865204	0.828425	0.877701	0.879938	1	0.916026	0.906952	0.897684	0.860122	0.852551	0.80452	0.842559
Alpha_RBD-up	0.863884	0.794427	0.870596	0.830288	0.916026	1	0.876088	0.883485	0.872332	0.845282	0.819442	0.839869
Beta	0.86542	0.787746	0.898417	0.816823	0.917071	0.877423	0.999977	0.885762	0.868929	0.857552	0.853107	0.870412
N501Y	0.848265	0.799022	0.845207	0.82657	0.896434	0.873788	0.885762	0.999918	0.86013	0.848795	0.814763	0.836189
Epsilon	0.921214	0.85118	0.849771	0.887805	0.857899	0.866969	0.872154	0.850806	0.999948	0.913363	0.873666	0.907753
Gamma	0.93323	0.831807	0.854983	0.819873	0.857222	0.862267	0.864922	0.856005	0.921606	0.999987	0.862059	0.921524
Omicron	0.893094	0.797194	0.790418	0.737633	0.771117	0.838852	0.81581	0.815269	0.862392	0.870644	1	0.853781
Delta	0.939482	0.833984	0.809272	0.841209	0.837589	0.844301	0.864423	0.847196	0.906535	0.921524	0.873785	0.999894
